Country,Deaths,Date
Spain,0,2020-01-22T00:00:00Z
Spain,0,2020-01-23T00:00:00Z
Spain,0,2020-01-24T00:00:00Z
Spain,0,2020-01-25T00:00:00Z
Spain,0,2020-01-26T00:00:00Z
Spain,0,2020-01-27T00:00:00Z
Spain,0,2020-01-28T00:00:00Z
Spain,0,2020-01-29T00:00:00Z
Spain,0,2020-01-30T00:00:00Z
Spain,0,2020-01-31T00:00:00Z
Spain,0,2020-02-01T00:00:00Z
Spain,0,2020-02-02T00:00:00Z
Spain,0,2020-02-03T00:00:00Z
Spain,0,2020-02-04T00:00:00Z
Spain,0,2020-02-05T00:00:00Z
Spain,0,2020-02-06T00:00:00Z
Spain,0,2020-02-07T00:00:00Z
Spain,0,2020-02-08T00:00:00Z
Spain,0,2020-02-09T00:00:00Z
Spain,0,2020-02-10T00:00:00Z
Spain,0,2020-02-11T00:00:00Z
Spain,0,2020-02-12T00:00:00Z
Spain,0,2020-02-13T00:00:00Z
Spain,0,2020-02-14T00:00:00Z
Spain,0,2020-02-15T00:00:00Z
Spain,0,2020-02-16T00:00:00Z
Spain,0,2020-02-17T00:00:00Z
Spain,0,2020-02-18T00:00:00Z
Spain,0,2020-02-19T00:00:00Z
Spain,0,2020-02-20T00:00:00Z
Spain,0,2020-02-21T00:00:00Z
Spain,0,2020-02-22T00:00:00Z
Spain,0,2020-02-23T00:00:00Z
Spain,0,2020-02-24T00:00:00Z
Spain,0,2020-02-25T00:00:00Z
Spain,0,2020-02-26T00:00:00Z
Spain,0,2020-02-27T00:00:00Z
Spain,0,2020-02-28T00:00:00Z
Spain,0,2020-02-29T00:00:00Z
Spain,0,2020-03-01T00:00:00Z
Spain,0,2020-03-02T00:00:00Z
Spain,1,2020-03-03T00:00:00Z
Spain,2,2020-03-04T00:00:00Z
Spain,3,2020-03-05T00:00:00Z
Spain,5,2020-03-06T00:00:00Z
Spain,10,2020-03-07T00:00:00Z
Spain,17,2020-03-08T00:00:00Z
Spain,28,2020-03-09T00:00:00Z
Spain,35,2020-03-10T00:00:00Z
Spain,54,2020-03-11T00:00:00Z
Spain,55,2020-03-12T00:00:00Z
Spain,133,2020-03-13T00:00:00Z
Spain,195,2020-03-14T00:00:00Z
Spain,289,2020-03-15T00:00:00Z
Spain,342,2020-03-16T00:00:00Z
Spain,533,2020-03-17T00:00:00Z
Spain,623,2020-03-18T00:00:00Z
Spain,830,2020-03-19T00:00:00Z
Spain,1043,2020-03-20T00:00:00Z
Spain,1375,2020-03-21T00:00:00Z
Spain,1772,2020-03-22T00:00:00Z
Spain,2311,2020-03-23T00:00:00Z
Spain,2808,2020-03-24T00:00:00Z
Spain,3647,2020-03-25T00:00:00Z
Spain,4365,2020-03-26T00:00:00Z
Spain,5138,2020-03-27T00:00:00Z
Spain,5982,2020-03-28T00:00:00Z
Spain,6803,2020-03-29T00:00:00Z
Spain,7716,2020-03-30T00:00:00Z
Spain,8464,2020-03-31T00:00:00Z
Spain,9387,2020-04-01T00:00:00Z
Spain,10348,2020-04-02T00:00:00Z
Spain,11198,2020-04-03T00:00:00Z
Spain,11947,2020-04-04T00:00:00Z
Spain,12641,2020-04-05T00:00:00Z
Spain,13341,2020-04-06T00:00:00Z
Spain,14045,2020-04-07T00:00:00Z
Spain,14792,2020-04-08T00:00:00Z
Spain,15447,2020-04-09T00:00:00Z
Spain,16081,2020-04-10T00:00:00Z
Spain,16606,2020-04-11T00:00:00Z
Spain,17209,2020-04-12T00:00:00Z
Spain,17756,2020-04-13T00:00:00Z
Spain,18056,2020-04-14T00:00:00Z
Spain,18708,2020-04-15T00:00:00Z
Spain,19315,2020-04-16T00:00:00Z
Spain,20002,2020-04-17T00:00:00Z
Spain,20043,2020-04-18T00:00:00Z
Spain,20453,2020-04-19T00:00:00Z
Spain,20852,2020-04-20T00:00:00Z
Spain,21282,2020-04-21T00:00:00Z
Spain,21717,2020-04-22T00:00:00Z
Spain,22157,2020-04-23T00:00:00Z
Spain,22524,2020-04-24T00:00:00Z
Spain,22902,2020-04-25T00:00:00Z
Spain,23190,2020-04-26T00:00:00Z
Spain,23521,2020-04-27T00:00:00Z
Spain,23822,2020-04-28T00:00:00Z
Spain,24275,2020-04-29T00:00:00Z
Spain,24543,2020-04-30T00:00:00Z
Spain,24543,2020-05-01T00:00:00Z
Spain,25100,2020-05-02T00:00:00Z
Spain,25264,2020-05-03T00:00:00Z
Spain,25428,2020-05-04T00:00:00Z
Spain,25613,2020-05-05T00:00:00Z
Spain,25857,2020-05-06T00:00:00Z
Spain,26070,2020-05-07T00:00:00Z
Spain,26299,2020-05-08T00:00:00Z
Spain,26478,2020-05-09T00:00:00Z
Spain,26621,2020-05-10T00:00:00Z
Spain,26744,2020-05-11T00:00:00Z
Spain,26920,2020-05-12T00:00:00Z
Spain,27104,2020-05-13T00:00:00Z
Spain,27321,2020-05-14T00:00:00Z
Spain,27459,2020-05-15T00:00:00Z
Spain,27563,2020-05-16T00:00:00Z
Spain,27563,2020-05-17T00:00:00Z
Spain,27709,2020-05-18T00:00:00Z
Spain,27778,2020-05-19T00:00:00Z
Spain,27888,2020-05-20T00:00:00Z
Spain,27940,2020-05-21T00:00:00Z
Spain,28628,2020-05-22T00:00:00Z
Spain,28678,2020-05-23T00:00:00Z
Spain,28752,2020-05-24T00:00:00Z
Spain,26834,2020-05-25T00:00:00Z
Spain,27117,2020-05-26T00:00:00Z
Spain,27117,2020-05-27T00:00:00Z
Spain,27119,2020-05-28T00:00:00Z
Spain,27121,2020-05-29T00:00:00Z
Spain,27125,2020-05-30T00:00:00Z
Spain,27127,2020-05-31T00:00:00Z
Spain,27127,2020-06-01T00:00:00Z
Spain,27127,2020-06-02T00:00:00Z
Spain,27128,2020-06-03T00:00:00Z
Spain,27133,2020-06-04T00:00:00Z
Spain,27134,2020-06-05T00:00:00Z
Spain,27135,2020-06-06T00:00:00Z
Spain,27136,2020-06-07T00:00:00Z
Spain,27136,2020-06-08T00:00:00Z
Spain,27136,2020-06-09T00:00:00Z
Spain,27136,2020-06-10T00:00:00Z
Spain,27136,2020-06-11T00:00:00Z
Spain,27136,2020-06-12T00:00:00Z
Spain,27136,2020-06-13T00:00:00Z
Spain,27136,2020-06-14T00:00:00Z
Spain,27136,2020-06-15T00:00:00Z
Spain,27136,2020-06-16T00:00:00Z
Spain,27136,2020-06-17T00:00:00Z
Spain,27136,2020-06-18T00:00:00Z
Spain,28315,2020-06-19T00:00:00Z
Spain,28322,2020-06-20T00:00:00Z
Spain,28323,2020-06-21T00:00:00Z
Spain,28324,2020-06-22T00:00:00Z
Spain,28325,2020-06-23T00:00:00Z
Spain,28327,2020-06-24T00:00:00Z
Spain,28330,2020-06-25T00:00:00Z
Spain,28338,2020-06-26T00:00:00Z
Spain,28341,2020-06-27T00:00:00Z
Spain,28343,2020-06-28T00:00:00Z
Spain,28346,2020-06-29T00:00:00Z
Spain,28355,2020-06-30T00:00:00Z
Spain,28364,2020-07-01T00:00:00Z
Spain,28368,2020-07-02T00:00:00Z
Spain,28385,2020-07-03T00:00:00Z
Spain,28385,2020-07-04T00:00:00Z
Spain,28385,2020-07-05T00:00:00Z
Spain,28388,2020-07-06T00:00:00Z
Spain,28392,2020-07-07T00:00:00Z
Spain,28396,2020-07-08T00:00:00Z
Spain,28401,2020-07-09T00:00:00Z
Spain,28403,2020-07-10T00:00:00Z
Spain,28403,2020-07-11T00:00:00Z
Spain,28403,2020-07-12T00:00:00Z
Spain,28406,2020-07-13T00:00:00Z
Spain,28409,2020-07-14T00:00:00Z
Spain,28413,2020-07-15T00:00:00Z
Spain,28416,2020-07-16T00:00:00Z
Spain,28420,2020-07-17T00:00:00Z
Spain,28420,2020-07-18T00:00:00Z
Spain,28420,2020-07-19T00:00:00Z
Spain,28422,2020-07-20T00:00:00Z
Spain,28424,2020-07-21T00:00:00Z
Spain,28426,2020-07-22T00:00:00Z
Spain,28429,2020-07-23T00:00:00Z
Spain,28432,2020-07-24T00:00:00Z
Spain,28432,2020-07-25T00:00:00Z
Spain,28432,2020-07-26T00:00:00Z
Spain,28434,2020-07-27T00:00:00Z
Spain,28436,2020-07-28T00:00:00Z
Spain,28441,2020-07-29T00:00:00Z
Spain,28443,2020-07-30T00:00:00Z
Spain,28445,2020-07-31T00:00:00Z
Spain,28445,2020-08-01T00:00:00Z
Spain,28445,2020-08-02T00:00:00Z
Spain,28472,2020-08-03T00:00:00Z
Spain,28498,2020-08-04T00:00:00Z
Spain,28499,2020-08-05T00:00:00Z
Spain,28500,2020-08-06T00:00:00Z
Spain,28503,2020-08-07T00:00:00Z
Spain,28503,2020-08-08T00:00:00Z
Spain,28503,2020-08-09T00:00:00Z
Spain,28576,2020-08-10T00:00:00Z
Spain,28581,2020-08-11T00:00:00Z
Spain,28579,2020-08-12T00:00:00Z
Spain,28605,2020-08-13T00:00:00Z
Spain,28617,2020-08-14T00:00:00Z
Spain,28617,2020-08-15T00:00:00Z
Spain,28617,2020-08-16T00:00:00Z
Spain,28646,2020-08-17T00:00:00Z
Spain,28670,2020-08-18T00:00:00Z
Spain,28797,2020-08-19T00:00:00Z
Spain,28813,2020-08-20T00:00:00Z
Spain,28838,2020-08-21T00:00:00Z
Spain,28838,2020-08-22T00:00:00Z
Spain,28838,2020-08-23T00:00:00Z
Spain,28872,2020-08-24T00:00:00Z
Spain,28924,2020-08-25T00:00:00Z
Spain,28971,2020-08-26T00:00:00Z
Spain,28996,2020-08-27T00:00:00Z
Spain,29011,2020-08-28T00:00:00Z
Spain,29011,2020-08-29T00:00:00Z
Spain,29011,2020-08-30T00:00:00Z
Spain,29094,2020-08-31T00:00:00Z
Spain,29152,2020-09-01T00:00:00Z
Spain,29194,2020-09-02T00:00:00Z
Spain,29234,2020-09-03T00:00:00Z
Spain,29418,2020-09-04T00:00:00Z
Spain,29418,2020-09-05T00:00:00Z
Spain,29418,2020-09-06T00:00:00Z
Spain,29516,2020-09-07T00:00:00Z
Spain,29594,2020-09-08T00:00:00Z
Spain,29628,2020-09-09T00:00:00Z
Spain,29699,2020-09-10T00:00:00Z
Spain,29747,2020-09-11T00:00:00Z
Spain,29747,2020-09-12T00:00:00Z
Spain,29747,2020-09-13T00:00:00Z
Spain,29848,2020-09-14T00:00:00Z
Spain,30004,2020-09-15T00:00:00Z
Spain,30243,2020-09-16T00:00:00Z
Spain,30405,2020-09-17T00:00:00Z
Spain,30495,2020-09-18T00:00:00Z
Spain,30495,2020-09-19T00:00:00Z
Spain,30495,2020-09-20T00:00:00Z
Spain,30663,2020-09-21T00:00:00Z
Spain,30904,2020-09-22T00:00:00Z
Spain,31034,2020-09-23T00:00:00Z
Spain,31118,2020-09-24T00:00:00Z
Spain,31232,2020-09-25T00:00:00Z
Spain,31232,2020-09-26T00:00:00Z
Spain,31232,2020-09-27T00:00:00Z
Spain,31411,2020-09-28T00:00:00Z
Spain,31411,2020-09-29T00:00:00Z
Spain,31791,2020-09-30T00:00:00Z
Spain,31973,2020-10-01T00:00:00Z
Spain,32086,2020-10-02T00:00:00Z
Spain,32086,2020-10-03T00:00:00Z
Spain,32086,2020-10-04T00:00:00Z
Spain,32225,2020-10-05T00:00:00Z
Spain,32486,2020-10-06T00:00:00Z
Spain,32562,2020-10-07T00:00:00Z
Spain,32688,2020-10-08T00:00:00Z
Spain,32929,2020-10-09T00:00:00Z
Spain,32929,2020-10-10T00:00:00Z
Spain,32929,2020-10-11T00:00:00Z
Spain,33124,2020-10-12T00:00:00Z
Spain,33204,2020-10-13T00:00:00Z
Spain,33413,2020-10-14T00:00:00Z
Spain,33553,2020-10-15T00:00:00Z
Spain,33775,2020-10-16T00:00:00Z
Spain,33775,2020-10-17T00:00:00Z
Spain,33775,2020-10-18T00:00:00Z
Spain,33992,2020-10-19T00:00:00Z
Spain,34210,2020-10-20T00:00:00Z
Spain,34366,2020-10-21T00:00:00Z
Spain,34521,2020-10-22T00:00:00Z
Spain,34752,2020-10-23T00:00:00Z
Spain,34752,2020-10-24T00:00:00Z
Spain,34752,2020-10-25T00:00:00Z
Spain,35031,2020-10-26T00:00:00Z
Spain,35298,2020-10-27T00:00:00Z
Spain,35466,2020-10-28T00:00:00Z
Spain,35639,2020-10-29T00:00:00Z
Spain,35878,2020-10-30T00:00:00Z
Spain,35878,2020-10-31T00:00:00Z
Spain,35878,2020-11-01T00:00:00Z
Spain,36257,2020-11-02T00:00:00Z
Spain,36495,2020-11-03T00:00:00Z
Spain,38118,2020-11-04T00:00:00Z
Spain,38486,2020-11-05T00:00:00Z
Spain,38833,2020-11-06T00:00:00Z
Spain,38833,2020-11-07T00:00:00Z
Spain,38833,2020-11-08T00:00:00Z
Spain,39345,2020-11-09T00:00:00Z
Spain,39345,2020-11-10T00:00:00Z
Spain,40105,2020-11-11T00:00:00Z
Spain,40461,2020-11-12T00:00:00Z
Spain,40769,2020-11-13T00:00:00Z
Spain,40769,2020-11-14T00:00:00Z
Spain,40769,2020-11-15T00:00:00Z
Spain,41253,2020-11-16T00:00:00Z
Spain,41688,2020-11-17T00:00:00Z
Spain,42039,2020-11-18T00:00:00Z
Spain,42291,2020-11-19T00:00:00Z
Spain,42619,2020-11-20T00:00:00Z
Spain,42619,2020-11-21T00:00:00Z
Spain,42619,2020-11-22T00:00:00Z
Spain,43131,2020-11-23T00:00:00Z
Spain,43668,2020-11-24T00:00:00Z
Spain,44037,2020-11-25T00:00:00Z
Spain,44374,2020-11-26T00:00:00Z
Spain,44668,2020-11-27T00:00:00Z
Spain,44668,2020-11-28T00:00:00Z
Spain,44668,2020-11-29T00:00:00Z
Spain,45069,2020-11-30T00:00:00Z
Spain,45511,2020-12-01T00:00:00Z
Spain,45784,2020-12-02T00:00:00Z
Spain,46038,2020-12-03T00:00:00Z
Spain,46252,2020-12-04T00:00:00Z
Spain,46252,2020-12-05T00:00:00Z
Spain,46252,2020-12-06T00:00:00Z
Spain,46646,2020-12-07T00:00:00Z
Spain,46646,2020-12-08T00:00:00Z
Spain,47019,2020-12-09T00:00:00Z
Spain,47344,2020-12-10T00:00:00Z
Spain,47624,2020-12-11T00:00:00Z
Spain,47624,2020-12-12T00:00:00Z
Spain,47624,2020-12-13T00:00:00Z
Spain,48013,2020-12-14T00:00:00Z
Spain,48401,2020-12-15T00:00:00Z
Spain,48596,2020-12-16T00:00:00Z
Spain,48777,2020-12-17T00:00:00Z
Spain,48926,2020-12-18T00:00:00Z
Spain,48926,2020-12-19T00:00:00Z
Spain,48926,2020-12-20T00:00:00Z
Spain,49260,2020-12-21T00:00:00Z
Spain,49520,2020-12-22T00:00:00Z
Spain,49698,2020-12-23T00:00:00Z
Spain,49824,2020-12-24T00:00:00Z
Spain,49824,2020-12-25T00:00:00Z
Spain,49824,2020-12-26T00:00:00Z
Spain,49824,2020-12-27T00:00:00Z
Spain,50122,2020-12-28T00:00:00Z
Spain,50442,2020-12-29T00:00:00Z
Spain,50689,2020-12-30T00:00:00Z
Spain,50837,2020-12-31T00:00:00Z
Spain,50837,2021-01-01T00:00:00Z
Spain,50837,2021-01-02T00:00:00Z
Spain,50837,2021-01-03T00:00:00Z
Spain,51078,2021-01-04T00:00:00Z
Spain,51430,2021-01-05T00:00:00Z
Spain,51430,2021-01-06T00:00:00Z
Spain,51675,2021-01-07T00:00:00Z
Spain,51874,2021-01-08T00:00:00Z
Spain,51874,2021-01-09T00:00:00Z
Spain,51874,2021-01-10T00:00:00Z
Spain,52275,2021-01-11T00:00:00Z
Spain,52683,2021-01-12T00:00:00Z
Spain,52878,2021-01-13T00:00:00Z
Spain,53079,2021-01-14T00:00:00Z
Spain,53314,2021-01-15T00:00:00Z
Spain,53314,2021-01-16T00:00:00Z
Spain,53314,2021-01-17T00:00:00Z
Spain,53769,2021-01-18T00:00:00Z
Spain,54173,2021-01-19T00:00:00Z
Spain,54637,2021-01-20T00:00:00Z
Spain,55041,2021-01-21T00:00:00Z
Spain,55441,2021-01-22T00:00:00Z
Spain,55441,2021-01-23T00:00:00Z
Spain,55441,2021-01-24T00:00:00Z
Spain,56208,2021-01-25T00:00:00Z
Spain,56794,2021-01-26T00:00:00Z
Spain,57291,2021-01-27T00:00:00Z
Spain,57806,2021-01-28T00:00:00Z
Spain,58319,2021-01-29T00:00:00Z
Spain,58319,2021-01-30T00:00:00Z
Spain,58319,2021-01-31T00:00:00Z
Spain,59081,2021-02-01T00:00:00Z
Spain,59805,2021-02-02T00:00:00Z
Spain,60370,2021-02-03T00:00:00Z
Spain,60802,2021-02-04T00:00:00Z
Spain,61386,2021-02-05T00:00:00Z
Spain,61386,2021-02-06T00:00:00Z
Spain,61386,2021-02-07T00:00:00Z
Spain,62295,2021-02-08T00:00:00Z
Spain,63061,2021-02-09T00:00:00Z
Spain,63704,2021-02-10T00:00:00Z
Spain,64217,2021-02-11T00:00:00Z
Spain,64747,2021-02-12T00:00:00Z
Spain,64747,2021-02-13T00:00:00Z
Spain,64747,2021-02-14T00:00:00Z
Spain,65449,2021-02-15T00:00:00Z
Spain,65979,2021-02-16T00:00:00Z
Spain,66316,2021-02-17T00:00:00Z
Spain,66704,2021-02-18T00:00:00Z
Spain,67101,2021-02-19T00:00:00Z
Spain,67101,2021-02-20T00:00:00Z
Spain,67101,2021-02-21T00:00:00Z
Spain,67636,2021-02-22T00:00:00Z
Spain,68079,2021-02-23T00:00:00Z
Spain,68468,2021-02-24T00:00:00Z
Spain,68813,2021-02-25T00:00:00Z
Spain,69142,2021-02-26T00:00:00Z
Spain,69142,2021-02-27T00:00:00Z
Spain,69142,2021-02-28T00:00:00Z
Spain,69609,2021-03-01T00:00:00Z
Spain,69801,2021-03-02T00:00:00Z
Spain,70247,2021-03-03T00:00:00Z
Spain,70501,2021-03-04T00:00:00Z
Spain,71138,2021-03-05T00:00:00Z
Spain,71138,2021-03-06T00:00:00Z
Spain,71138,2021-03-07T00:00:00Z
Spain,71436,2021-03-08T00:00:00Z
Spain,71727,2021-03-09T00:00:00Z
Spain,71961,2021-03-10T00:00:00Z
Spain,72085,2021-03-11T00:00:00Z
Spain,72258,2021-03-12T00:00:00Z
Spain,72258,2021-03-13T00:00:00Z
Spain,72258,2021-03-14T00:00:00Z
Spain,72424,2021-03-15T00:00:00Z
Spain,72565,2021-03-16T00:00:00Z
Spain,72793,2021-03-17T00:00:00Z
Spain,72910,2021-03-18T00:00:00Z
Spain,72910,2021-03-19T00:00:00Z
Spain,72910,2021-03-20T00:00:00Z
Spain,72910,2021-03-21T00:00:00Z
Spain,73543,2021-03-22T00:00:00Z
Spain,73744,2021-03-23T00:00:00Z
Spain,73744,2021-03-24T00:00:00Z
Spain,74420,2021-03-25T00:00:00Z
Spain,75010,2021-03-26T00:00:00Z
Spain,75010,2021-03-27T00:00:00Z
Spain,75010,2021-03-28T00:00:00Z
Spain,75199,2021-03-29T00:00:00Z
Spain,75305,2021-03-30T00:00:00Z
Spain,75459,2021-03-31T00:00:00Z
Spain,75541,2021-04-01T00:00:00Z
Spain,75541,2021-04-02T00:00:00Z
Spain,75698,2021-04-03T00:00:00Z
Spain,75698,2021-04-04T00:00:00Z
Spain,75783,2021-04-05T00:00:00Z
Spain,75911,2021-04-06T00:00:00Z
Spain,76037,2021-04-07T00:00:00Z
Spain,76179,2021-04-08T00:00:00Z
Spain,76328,2021-04-09T00:00:00Z
Spain,76328,2021-04-10T00:00:00Z
Spain,76328,2021-04-11T00:00:00Z
Spain,76525,2021-04-12T00:00:00Z
Spain,76625,2021-04-13T00:00:00Z
Spain,76756,2021-04-14T00:00:00Z
Spain,76882,2021-04-15T00:00:00Z
Spain,76981,2021-04-16T00:00:00Z
Spain,76981,2021-04-17T00:00:00Z
Spain,76981,2021-04-18T00:00:00Z
Spain,77102,2021-04-19T00:00:00Z
Spain,77102,2021-04-20T00:00:00Z
Spain,77364,2021-04-21T00:00:00Z
Spain,77496,2021-04-22T00:00:00Z
Spain,77591,2021-04-23T00:00:00Z
Spain,77591,2021-04-24T00:00:00Z
Spain,77591,2021-04-25T00:00:00Z
Spain,77738,2021-04-26T00:00:00Z
Spain,77855,2021-04-27T00:00:00Z
Spain,77943,2021-04-28T00:00:00Z
Spain,78080,2021-04-29T00:00:00Z
Spain,78216,2021-04-30T00:00:00Z
Spain,78216,2021-05-01T00:00:00Z
Spain,78216,2021-05-02T00:00:00Z
Spain,78293,2021-05-03T00:00:00Z
Spain,78399,2021-05-04T00:00:00Z
Spain,78566,2021-05-05T00:00:00Z
Spain,78726,2021-05-06T00:00:00Z
Spain,78792,2021-05-07T00:00:00Z
Spain,78792,2021-05-08T00:00:00Z
Spain,78792,2021-05-09T00:00:00Z
Spain,78895,2021-05-10T00:00:00Z
Spain,79100,2021-05-11T00:00:00Z
Spain,79208,2021-05-12T00:00:00Z
Spain,79281,2021-05-13T00:00:00Z
Spain,79339,2021-05-14T00:00:00Z
Spain,79339,2021-05-15T00:00:00Z
Spain,79339,2021-05-16T00:00:00Z
Spain,79432,2021-05-17T00:00:00Z
Spain,79502,2021-05-18T00:00:00Z
Spain,79568,2021-05-19T00:00:00Z
Spain,79601,2021-05-20T00:00:00Z
Spain,79620,2021-05-21T00:00:00Z
Spain,79620,2021-05-22T00:00:00Z
Spain,79620,2021-05-23T00:00:00Z
Spain,79711,2021-05-24T00:00:00Z
Spain,79801,2021-05-25T00:00:00Z
Spain,79855,2021-05-26T00:00:00Z
Spain,79888,2021-05-27T00:00:00Z
Spain,79905,2021-05-28T00:00:00Z
Spain,79905,2021-05-29T00:00:00Z
Spain,79905,2021-05-30T00:00:00Z
Spain,79953,2021-05-31T00:00:00Z
Spain,79983,2021-06-01T00:00:00Z
Spain,80049,2021-06-02T00:00:00Z
Spain,80049,2021-06-03T00:00:00Z
Spain,80195,2021-06-04T00:00:00Z
Spain,80196,2021-06-05T00:00:00Z
Spain,80196,2021-06-06T00:00:00Z
Spain,80236,2021-06-07T00:00:00Z
Spain,80309,2021-06-08T00:00:00Z
Spain,80332,2021-06-09T00:00:00Z
Spain,80465,2021-06-10T00:00:00Z
Spain,80501,2021-06-11T00:00:00Z
Spain,80501,2021-06-12T00:00:00Z
Spain,80501,2021-06-13T00:00:00Z
Spain,80517,2021-06-14T00:00:00Z
Spain,80579,2021-06-15T00:00:00Z
Spain,80615,2021-06-16T00:00:00Z
Spain,80634,2021-06-17T00:00:00Z
Spain,80652,2021-06-18T00:00:00Z
Spain,80652,2021-06-19T00:00:00Z
Spain,80652,2021-06-20T00:00:00Z
Spain,80689,2021-06-21T00:00:00Z
Spain,80719,2021-06-22T00:00:00Z
Spain,80748,2021-06-23T00:00:00Z
Spain,80766,2021-06-24T00:00:00Z
Spain,80779,2021-06-25T00:00:00Z
Spain,80779,2021-06-26T00:00:00Z
Spain,80779,2021-06-27T00:00:00Z
Spain,80789,2021-06-28T00:00:00Z
Spain,80829,2021-06-29T00:00:00Z
Spain,80875,2021-06-30T00:00:00Z
Spain,80883,2021-07-01T00:00:00Z
Spain,80911,2021-07-02T00:00:00Z
Spain,80911,2021-07-03T00:00:00Z
Spain,80911,2021-07-04T00:00:00Z
Spain,80934,2021-07-05T00:00:00Z
Spain,80952,2021-07-06T00:00:00Z
Spain,80969,2021-07-07T00:00:00Z
Spain,80997,2021-07-08T00:00:00Z
Spain,81003,2021-07-09T00:00:00Z
Spain,81003,2021-07-10T00:00:00Z
Spain,81003,2021-07-11T00:00:00Z
Spain,81020,2021-07-12T00:00:00Z
Spain,81033,2021-07-13T00:00:00Z
Spain,81043,2021-07-14T00:00:00Z
Spain,81084,2021-07-15T00:00:00Z
Spain,81096,2021-07-16T00:00:00Z
Spain,81096,2021-07-17T00:00:00Z
Spain,81096,2021-07-18T00:00:00Z
Spain,81119,2021-07-19T00:00:00Z
Spain,81148,2021-07-20T00:00:00Z
Spain,81166,2021-07-21T00:00:00Z
Spain,81194,2021-07-22T00:00:00Z
Spain,81221,2021-07-23T00:00:00Z
Spain,81221,2021-07-24T00:00:00Z
Spain,81221,2021-07-25T00:00:00Z
Spain,81268,2021-07-26T00:00:00Z
Spain,81323,2021-07-27T00:00:00Z
Spain,81396,2021-07-28T00:00:00Z
Spain,81442,2021-07-29T00:00:00Z
Spain,81486,2021-07-30T00:00:00Z
Spain,81486,2021-07-31T00:00:00Z
Spain,81486,2021-08-01T00:00:00Z
Spain,81643,2021-08-02T00:00:00Z
Spain,81773,2021-08-03T00:00:00Z
Spain,81844,2021-08-04T00:00:00Z
Spain,81931,2021-08-05T00:00:00Z
Spain,82006,2021-08-06T00:00:00Z
Spain,82006,2021-08-07T00:00:00Z
Spain,82006,2021-08-08T00:00:00Z
Spain,82125,2021-08-09T00:00:00Z
Spain,82227,2021-08-10T00:00:00Z
Spain,82320,2021-08-11T00:00:00Z
Spain,82407,2021-08-12T00:00:00Z
Spain,82470,2021-08-13T00:00:00Z
Spain,82470,2021-08-14T00:00:00Z
Spain,82470,2021-08-15T00:00:00Z
Spain,82595,2021-08-16T00:00:00Z
Spain,82739,2021-08-17T00:00:00Z
Spain,82883,2021-08-18T00:00:00Z
Spain,83004,2021-08-19T00:00:00Z
Spain,83136,2021-08-20T00:00:00Z
Spain,83136,2021-08-21T00:00:00Z
Spain,83136,2021-08-22T00:00:00Z
Spain,83337,2021-08-23T00:00:00Z
Spain,83527,2021-08-24T00:00:00Z
Spain,83690,2021-08-25T00:00:00Z
Spain,83861,2021-08-26T00:00:00Z
Spain,84000,2021-08-27T00:00:00Z
Spain,84000,2021-08-28T00:00:00Z
Spain,84000,2021-08-29T00:00:00Z
Spain,84146,2021-08-30T00:00:00Z
Spain,84340,2021-08-31T00:00:00Z
Spain,84472,2021-09-01T00:00:00Z
Spain,84640,2021-09-02T00:00:00Z
Spain,84795,2021-09-03T00:00:00Z
Spain,84795,2021-09-04T00:00:00Z
Spain,84795,2021-09-05T00:00:00Z
Spain,84928,2021-09-06T00:00:00Z
Spain,85066,2021-09-07T00:00:00Z
Spain,85147,2021-09-08T00:00:00Z
Spain,85218,2021-09-09T00:00:00Z
Spain,85290,2021-09-10T00:00:00Z
Spain,85290,2021-09-11T00:00:00Z
Spain,85290,2021-09-12T00:00:00Z
Spain,85393,2021-09-13T00:00:00Z
Spain,85548,2021-09-14T00:00:00Z
Spain,85638,2021-09-15T00:00:00Z
Spain,85739,2021-09-16T00:00:00Z
Spain,85783,2021-09-17T00:00:00Z
Spain,85783,2021-09-18T00:00:00Z
Spain,85783,2021-09-19T00:00:00Z
Spain,85901,2021-09-20T00:00:00Z
Spain,85983,2021-09-21T00:00:00Z
Spain,86085,2021-09-22T00:00:00Z
Spain,86185,2021-09-23T00:00:00Z
Spain,86229,2021-09-24T00:00:00Z
Spain,86229,2021-09-25T00:00:00Z
Spain,86229,2021-09-26T00:00:00Z
Spain,86298,2021-09-27T00:00:00Z
Spain,86358,2021-09-28T00:00:00Z
Spain,86397,2021-09-29T00:00:00Z
Spain,86415,2021-09-30T00:00:00Z
Spain,86463,2021-10-01T00:00:00Z
Spain,86463,2021-10-02T00:00:00Z
Spain,86463,2021-10-03T00:00:00Z
Spain,86527,2021-10-04T00:00:00Z
Spain,86621,2021-10-05T00:00:00Z
Spain,86678,2021-10-06T00:00:00Z
Spain,86701,2021-10-07T00:00:00Z
Spain,86778,2021-10-08T00:00:00Z
Spain,86778,2021-10-09T00:00:00Z
Spain,86778,2021-10-10T00:00:00Z
Spain,86827,2021-10-11T00:00:00Z
Spain,86827,2021-10-12T00:00:00Z
Spain,86869,2021-10-13T00:00:00Z
Spain,86917,2021-10-14T00:00:00Z
Spain,86974,2021-10-15T00:00:00Z
Spain,86974,2021-10-16T00:00:00Z
Spain,86974,2021-10-17T00:00:00Z
Spain,87030,2021-10-18T00:00:00Z
Spain,87051,2021-10-19T00:00:00Z
Spain,87082,2021-10-20T00:00:00Z
Spain,87102,2021-10-21T00:00:00Z
Spain,87132,2021-10-22T00:00:00Z
Spain,87132,2021-10-23T00:00:00Z
Spain,87132,2021-10-24T00:00:00Z
Spain,87186,2021-10-25T00:00:00Z
Spain,87238,2021-10-26T00:00:00Z
Spain,87289,2021-10-27T00:00:00Z
Spain,87322,2021-10-28T00:00:00Z
Spain,87368,2021-10-29T00:00:00Z
Spain,87368,2021-10-30T00:00:00Z
Spain,87368,2021-10-31T00:00:00Z
Spain,87368,2021-11-01T00:00:00Z
Spain,87423,2021-11-02T00:00:00Z
Spain,87462,2021-11-03T00:00:00Z
Spain,87477,2021-11-04T00:00:00Z
Spain,87504,2021-11-05T00:00:00Z
Spain,87504,2021-11-06T00:00:00Z
Spain,87504,2021-11-07T00:00:00Z
Spain,87558,2021-11-08T00:00:00Z
Spain,87558,2021-11-09T00:00:00Z
Spain,87617,2021-11-10T00:00:00Z
Spain,87647,2021-11-11T00:00:00Z
Spain,87673,2021-11-12T00:00:00Z
Spain,87673,2021-11-13T00:00:00Z
Spain,87673,2021-11-14T00:00:00Z
Spain,87716,2021-11-15T00:00:00Z
Spain,87745,2021-11-16T00:00:00Z
Spain,87775,2021-11-17T00:00:00Z
Spain,87804,2021-11-18T00:00:00Z
Spain,87810,2021-11-19T00:00:00Z
Spain,87810,2021-11-20T00:00:00Z
Spain,87810,2021-11-21T00:00:00Z
Spain,87832,2021-11-22T00:00:00Z
Spain,87866,2021-11-23T00:00:00Z
Spain,87904,2021-11-24T00:00:00Z
Spain,87931,2021-11-25T00:00:00Z
Spain,87955,2021-11-26T00:00:00Z
Spain,87955,2021-11-27T00:00:00Z
Spain,87955,2021-11-28T00:00:00Z
Spain,88008,2021-11-29T00:00:00Z
Spain,88052,2021-11-30T00:00:00Z
Spain,88080,2021-12-01T00:00:00Z
Spain,88122,2021-12-02T00:00:00Z
Spain,88159,2021-12-03T00:00:00Z
Spain,88159,2021-12-04T00:00:00Z
Spain,88159,2021-12-05T00:00:00Z
Spain,88159,2021-12-06T00:00:00Z
Spain,88237,2021-12-07T00:00:00Z
Spain,88237,2021-12-08T00:00:00Z
Spain,88321,2021-12-09T00:00:00Z
Spain,88380,2021-12-10T00:00:00Z
Spain,88381,2021-12-11T00:00:00Z
Spain,88381,2021-12-12T00:00:00Z
Spain,88484,2021-12-13T00:00:00Z
Spain,88542,2021-12-14T00:00:00Z
Spain,88619,2021-12-15T00:00:00Z
Spain,88667,2021-12-16T00:00:00Z
Spain,88708,2021-12-17T00:00:00Z
Spain,88708,2021-12-18T00:00:00Z
Spain,88708,2021-12-19T00:00:00Z
Spain,88793,2021-12-20T00:00:00Z
Spain,88887,2021-12-21T00:00:00Z
Spain,88937,2021-12-22T00:00:00Z
Spain,89019,2021-12-23T00:00:00Z
Spain,89019,2021-12-24T00:00:00Z
Spain,89019,2021-12-25T00:00:00Z
Spain,89019,2021-12-26T00:00:00Z
Spain,89139,2021-12-27T00:00:00Z
Spain,89253,2021-12-28T00:00:00Z
Spain,89331,2021-12-29T00:00:00Z
Spain,89405,2021-12-30T00:00:00Z
Spain,89405,2021-12-31T00:00:00Z
Spain,89405,2022-01-01T00:00:00Z
Spain,89405,2022-01-02T00:00:00Z
Spain,89573,2022-01-03T00:00:00Z
Spain,89689,2022-01-04T00:00:00Z
Spain,89837,2022-01-05T00:00:00Z
Spain,89837,2022-01-06T00:00:00Z
Spain,89934,2022-01-07T00:00:00Z
Spain,89934,2022-01-08T00:00:00Z
Spain,89934,2022-01-09T00:00:00Z
Spain,90136,2022-01-10T00:00:00Z
Spain,90383,2022-01-11T00:00:00Z
Spain,90508,2022-01-12T00:00:00Z
Spain,90620,2022-01-13T00:00:00Z
Spain,90759,2022-01-14T00:00:00Z
Spain,90759,2022-01-15T00:00:00Z
Spain,90759,2022-01-16T00:00:00Z
Spain,90993,2022-01-17T00:00:00Z
Spain,91277,2022-01-18T00:00:00Z
Spain,91437,2022-01-19T00:00:00Z
Spain,91599,2022-01-20T00:00:00Z
Spain,91741,2022-01-21T00:00:00Z
Spain,91741,2022-01-22T00:00:00Z
Spain,91741,2022-01-23T00:00:00Z
Spain,91994,2022-01-24T00:00:00Z
Spain,92376,2022-01-25T00:00:00Z
Spain,92591,2022-01-26T00:00:00Z
Spain,92767,2022-01-27T00:00:00Z
Spain,92966,2022-01-28T00:00:00Z
Spain,92966,2022-01-29T00:00:00Z
Spain,92966,2022-01-30T00:00:00Z
Spain,93225,2022-01-31T00:00:00Z
Spain,93633,2022-02-01T00:00:00Z
Spain,93857,2022-02-02T00:00:00Z
Spain,94040,2022-02-03T00:00:00Z
Spain,94040,2022-02-04T00:00:00Z
Spain,94040,2022-02-05T00:00:00Z
Spain,94040,2022-02-06T00:00:00Z
Spain,94570,2022-02-07T00:00:00Z
Spain,94931,2022-02-08T00:00:00Z
Spain,95213,2022-02-09T00:00:00Z
Spain,95606,2022-02-10T00:00:00Z
Spain,95995,2022-02-11T00:00:00Z
Spain,95995,2022-02-12T00:00:00Z
Spain,95995,2022-02-13T00:00:00Z
Spain,96596,2022-02-14T00:00:00Z
Spain,96906,2022-02-15T00:00:00Z
Spain,97350,2022-02-16T00:00:00Z
Spain,97710,2022-02-17T00:00:00Z
Spain,97998,2022-02-18T00:00:00Z
Spain,97998,2022-02-19T00:00:00Z
Spain,97998,2022-02-20T00:00:00Z
Spain,98462,2022-02-21T00:00:00Z
Spain,98635,2022-02-22T00:00:00Z
Spain,98936,2022-02-23T00:00:00Z
Spain,99162,2022-02-24T00:00:00Z
Spain,99410,2022-02-25T00:00:00Z
Spain,99410,2022-02-26T00:00:00Z
Spain,99410,2022-02-27T00:00:00Z
Spain,99410,2022-02-28T00:00:00Z
Spain,99883,2022-03-01T00:00:00Z
Spain,100037,2022-03-02T00:00:00Z
Spain,100239,2022-03-03T00:00:00Z
Spain,100413,2022-03-04T00:00:00Z
Spain,100413,2022-03-05T00:00:00Z
Spain,100413,2022-03-06T00:00:00Z
Spain,100574,2022-03-07T00:00:00Z
Spain,100859,2022-03-08T00:00:00Z
Spain,100992,2022-03-09T00:00:00Z
Spain,101077,2022-03-10T00:00:00Z
Spain,101135,2022-03-11T00:00:00Z
Spain,101135,2022-03-12T00:00:00Z
Spain,101135,2022-03-13T00:00:00Z
Spain,101135,2022-03-14T00:00:00Z
Spain,101416,2022-03-15T00:00:00Z
Spain,101416,2022-03-16T00:00:00Z
Spain,101416,2022-03-17T00:00:00Z
Spain,101703,2022-03-18T00:00:00Z
Spain,101703,2022-03-19T00:00:00Z
Spain,101703,2022-03-20T00:00:00Z
Spain,101703,2022-03-21T00:00:00Z
Spain,102053,2022-03-22T00:00:00Z
Spain,102053,2022-03-23T00:00:00Z
Spain,102053,2022-03-24T00:00:00Z
